Title,Price,Rating,Availability
Tipping the Velvet,£53.74,One,In stock
Forever and Forever: The Courtship of Henry Longfellow and Fanny Appleton,£29.69,Three,In stock
A Flight of Arrows (The Pathfinders #2),£55.53,Five,In stock
The House by the Lake,£36.95,One,In stock
Mrs. Houdini,£30.25,Five,In stock
The Marriage of Opposites,£28.08,Four,In stock
Glory over Everything: Beyond The Kitchen House,£45.84,Three,In stock
"Love, Lies and Spies",£20.55,Two,In stock
A Paris Apartment,£39.01,Four,In stock
Lilac Girls,£17.28,Two,In stock
The Constant Princess (The Tudor Court #1),£16.62,Three,In stock
The Invention of Wings,£37.34,One,In stock
World Without End (The Pillars of the Earth #2),£32.97,Four,In stock
The Passion of Dolssa,£28.32,Five,In stock
Girl With a Pearl Earring,£26.77,One,In stock
Voyager (Outlander #3),£21.07,Five,In stock
The Red Tent,£35.66,Five,In stock
The Last Painting of Sara de Vos,£55.55,Two,In stock
The Guernsey Literary and Potato Peel Pie Society,£49.53,One,In stock
Girl in the Blue Coat,£46.83,Two,In stock
Between Shades of Gray,£20.79,Five,In stock
While You Were Mine,£41.32,Five,In stock
The Secret Healer,£34.56,Three,In stock
Starlark,£25.83,Three,In stock
Lost Among the Living,£27.70,Four,In stock
A Spy's Devotion (The Regency Spies of London #1),£16.97,Five,In stock
